Prospect,Team_or_College,category,Full name,Date of birth,Place of birth,Listed height,Listed weight,College(s) or Teams,Position,Nationality,Career highlights and awards
M.J. Walker,Florida State,ncaa,"James Michael ""M. J."" Walker Jr.","March 28, 1998","Atlanta, Georgia, U.S.",6 ft 5 in,213 lb,Florida State (2017–2021),Small forward / shooting guard,American,"NZNBL champion (2024), Second-team All-ACC (2021), McDonald’s All -American (2017), Nike Hoop Summit (2017)"
Blake Griffin,Oklahoma,ncaa,Blake Austin Griffin,"March 16, 1989","Oklahoma City, Oklahoma, U.S.",6 ft 9 in,250 lb,Oklahoma (2007–2009),Power forward,American,"NBA All-Star (2011, 2012, 2013, 2014, 2015, 2019), All-NBA Second Team (2012, 2013, 2014), All-NBA Third Team (2015, 2019), NBA Rookie of the Year (2011), NBA All-Rookie First Team (2011), NBA Slam Dunk Contest champion (2011), National college player of the year (2009), Consensus first-team All-American (2009), NCAA rebounding leader (2009), Big 12 Player of the Year (2009), No. 23 honored by Oklahoma Sooners, Third-team Parade All-American (2007), McDonald's All-American (2007)"
Kaleb Wesson,Ohio State,ncaa,Kaleb Avery Wesson,"July 27, 1999","Westerville, Ohio, U.S.",6 ft 10 in,250 lb,Ohio State (2017–2020),Power forward / center,American ,"Second-team All-Big Ten (2020), Ohio Mr. Basketball (2017)"
Anthony Barber,NC State,ncaa,"Anthony Ynique ""Cat"" Barber","July 25, 1994","Hampton, Virginia, U.S.",6 ft 1 in,174 lb,NC State (2013–2016),Point guard,American,"All-NBA G League Second Team (2022), CEBL champion (2023), 2× All-CEBL First Team (2023, 2024), 2× All-CEBL Second Team (2021, 2022), Portuguese Cup winner (2024), Portuguese Cup MVP (2024), AP Honorable Mention All-American (2016), First-team All-ACC (2016), McDonald's All-American (2013)"
Aaron Gordon,Arizona,ncaa,Aaron Addison Gordon,"September 16, 1995","San Jose, California, U.S.",6 ft 8 in,235 lb,Arizona (2013–2014),Power forward,American,"NBA champion (2023), Third-team All-America – SN (2014), First-team All-Pac-12 (2014), Pac-12 Freshman of the Year (2014), McDonald's All-American Game MVP (2013), First-team Parade All-American (2013), 2× California Mr. Basketball (2012, 2013), USA Basketball Male Athlete of the Year (2013), FIBA Under-19 World Cup MVP (2013)"
Branden Dawson,Michigan State,ncaa,Branden James Dawson,"February 1, 1993","Gary, Indiana, U.S.",6 ft 6 in,230 lb,Michigan State (2011–2015),Forward,American,"T1 League All-Star (2023), Dominican LNB Best Defender (2019), Second-team All-Big Ten (2015), Big Ten All-Defensive Team (2015), Big Ten All-Freshman Team (2012), Big Ten tournament MOP (2014), McDonald's All-American (2011), Third-team Parade All-American (2011)"
Karl-Anthony Towns,Kentucky,ncaa,Karl-Anthony Towns Jr.,"November 15, 1995","Edison, New Jersey, U.S.",7 ft 0 in,248 lb,Kentucky (2014–2015),Center,American / Dominican,"5× NBA All-Star (2018, 2019, 2022, 2024, 2025), 2× All-NBA Third Team (2018, 2022), NBA Rookie of the Year (2016), NBA All-Rookie First Team (2016), NBA Three-Point Contest champion (2022), Consensus second-team All-American (2015), SEC Freshman of the Year (2015), First-team All-SEC (2015), Gatorade National Player of the Year (2014), McDonald's All-American (2014), First-team Parade All-American (2014)"
DeAndre Liggins,Kentucky,ncaa,DeAndre Desmond Liggins ,"March 31, 1988","Chicago, Illinois, U.S.",6 ft 6 in,209 lb,Kentucky (2008–2011),Shooting guard / small forward,American,"British Basketball League Team of the Year (2021), British Basketball League Defensive Team of the Year (2021), British Basketball League Trophy Finals MVP (2021), NBA D-League champion (2016), BBL Trophy champion (2021), 2× NBA D-League Defensive Player of the Year (2014, 2016), 2× All-NBA D-League Second Team (2014, 2016), 2× NBA D-League All-Defensive First Team (2014, 2016), 2× NBA D-League All-Star (2014, 2016)"
Bryson Williams,Texas Tech,ncaa,Bryson Najee Williams,"April 25, 1998","Fresno, California, U.S.",6 ft 8 in,240 lb,"Fresno State (2016–2018), UTEP (2019–2021), Texas Tech (2021–2022)",Power forward,American,"First-team All-Big 12 (2022), First-team All-Conference USA (2020), Third-team All-Conference USA (2021), Third-team All-Mountain West (2018)"
DeMarcus Cousins,Kentucky,ncaa,DeMarcus Amir Cousins,"August 13, 1990","Mobile, Alabama, U.S.",6 ft 10 in,270 lb,Kentucky (2009–2010),Center,American,"4× NBA All-Star (2015–2018), 2× All-NBA Second Team (2015, 2016), NBA All-Rookie First Team (2011), T1 League champion (2024), T1 League Finals MVP (2024), T1 League Most Popular Player of the Year (2024), Consensus second-team All-American (2010), First-team All-SEC (2010), SEC Rookie of the Year (2010), SEC All-Rookie Team (2010), McDonald's All-American (2009), First-team Parade All-American (2009)"
James Anderson,Oklahoma State,ncaa,James Lee Anderson,"March 25, 1989","El Dorado, Arkansas",6 ft 6 in,215 lb,Oklahoma State (2007–2010),Small forward / shooting guard,American,"2× EuroLeague champion (2021, 2022), 2× Turkish League champion (2019, 2021), Lithuanian LKL champion (2015), LKL All-Star (2015), LKF Cup winner (2015), Consensus second-team All-American (2010), Big 12 Player of the Year (2010), First-team All-Big 12 (2010), 2× Second-team All-Big 12 (2008, 2009), Third-team Parade All-American (2007), McDonald's All-American (2007), 2× Arkansas Mr. Basketball (2006, 2007)"
Jordan Bachynski,Arizona St.,ncaa,Jordan Bachynski,"September 6, 1989","Calgary, Alberta, Canada",7 ft 2 in,254 lb,Arizona State (2010–2014,Center,Canadian,"All-NBA D-League Third Team (2016), NBA D-League All-Defensive Team (2016), NBA D-League All-Star (2016), Second-team All-Pac-12 (2014), Pac-12 Defensive Player of the Year (2014), Pac-12 All-Defensive Team (2014), NCAA blocks leader (2014)"
Solomon Hill,Arizona,ncaa,Solomon Jamar Hill,"March 18, 1991","Harvey, Illinois, U.S.",6 ft 6 in,226 lb,Arizona (2009–2013),Small forward / power forward,American,"2× First-team All-Pac-12 (2012, 2013)"
Austin Reaves,Oklahoma,ncaa,Austin Tyler Reaves,"May 29, 1998","Newark, Arkansas, U.S.",6 ft 5 in,197 lb,"Wichita State (2016–2018), Oklahoma (2019–2021)",Shooting guard / point guard,American,"NBA Cup champion (2023), First-team All-Big 12 (2021), Big 12 All-Newcomer Team (2020)"
TyTy Washington Jr.,Kentucky,ncaa,"Tyrone Lewis ""TyTy"" Washington Jr.","November 15, 2001","Phoenix, Arizona, U.S.",6 ft 3 in,195 lb,Kentucky (2021–2022),Point guard,American,"Second-team All-SEC (2022), SEC All-Freshman team (2022), Jordan Brand Classic (2021)"
Jodie Meeks,Kentucky,ncaa,Orestes Jodie Meeks II,"August 21, 1987","Nashville, Tennessee, U.S.",6 ft 4 in,210 lb,Kentucky (2006–2009),Shooting guard,American,"NBA champion (2019), Consensus second-team All-American (2009), First-team All-SEC (2009)"
Keita Bates-Diop,Ohio State,ncaa,Keita Bates-Diop,"January 23, 1996","Sacramento, California, U.S.",6 ft 8 in,229 lb,Ohio State (2014–2018),Small forward / power forward,American,"Consensus second-team All-American (2018), Big Ten Player of the Year (2018), First-team All-Big Ten (2018)"
Marvin Bagley,Duke,ncaa,Marvin Bagley III,"March 14, 1999","Tempe, Arizona, U.S.",6 ft 10 in,235 lb,Duke (2017–2018),Power forward / center,American,"NBA All-Rookie First Team (2019), Consensus first-team All-American (2018), Pete Newell Big Man Award (2018), NABC Freshman of the Year (2018), ACC Player of the Year (2018), First-team All-ACC (2018), ACC Rookie of the Year (2018)"
Keshad Johnson,Arizona,ncaa,Keshad Ray Johnson,"June 23, 2001","Oakland, California, U.S.",6 ft 6 in,230 lb,"San Diego State (2019–2023), Arizona (2023–2024)",Small forward,American,
Kevin Palmer,Texas A&M Corpus Christi,ncaa,Kevin Palmer,"June 21, 1987","Baltimore, Maryland, U.S.",6 ft 6 in,210 lb,"Cecil College (2006–2008), Texas A&M-Corpus Christi (2008–2010)",Small forward,American,"Israeli League champion (2016), Greek League rebounding leader (2013), Greek League steals leader (2013), bj league Best Five (2011-2012), bj league All-Star (2012), First-team All-Southland (2009, 2010), Southland Newcomer of the Year (2009)"
Willie Warren,Oklahoma,ncaa,Willie D. Warren,"October 22, 1989","Dallas, Texas, U.S.",6 ft 4 in,200 lb,Oklahoma (2008–2010),Point guard / shooting guard,American,"CBA All-Star (2016), Second-team All-Big 12 (2009), Big 12 Freshman of the Year (2009), Big 12 All-Rookie team (2009), McDonald's All-American (2008), Third-team Parade All-American (2008), Texas Mr. Basketball (2008)"
Robert Covington,Tennessee State,ncaa,Robert Covington,"December 14, 1990","Bellwood, Illinois, U.S.",6 ft 7 in,209 lb,Tennessee State (2009–2013),Small forward / power forward,American,"NBA All-Defensive First Team (2018), NBA D-League All-Star (2014), NBA D-League All-Star Game MVP (2014), All-NBA D-League First Team (2014), NBA D-League Rookie of the Year (2014), First-team All-OVC (2012), Second-team All-OVC (2011, 2013), OVC All-Newcomer Team (2010)"
Alex Caruso,Texas A&M,ncaa,Alex Michael Caruso,"February 28, 1994","College Station, Texas, U.S.",6 ft 5 in,186 lb,Texas A&M (2012–2016),Shooting guard / small forward,American,"NBA champion (2020), NBA All-Defensive First Team (2023), NBA All-Defensive Second Team (2024), Second-team All-NBA G League (2018), Second-team All-SEC (2016), SEC All-Defensive Team (2015)"
Khris Middleton,Texas A&M,ncaa,James Khristian Middleton,"August 12, 1991","Charleston, South Carolina, U.S",6 ft 7 in,222 lb,Texas A&M (2009–2012),Small forward,American,"NBA champion (2021), NBA Cup champion (2024), 3× NBA All-Star (2019, 2020, 2022), Second-team All-Big 12 (2011)"
Isaiah Cousins,Oklahoma,ncaa,Isaiah De Vonte Cousins,"March 13, 1994","Mount Vernon, New York, U.S.",6 ft 4 in,191 lb,Oklahoma (2012–2016),Point guard / shooting guard,American,"ENBL MVP (2025), Israeli League Cup winner (2019), Third-team All-Big 12 (2016), First-team Parade All-American (2012)"
Robert Dillingham,Kentucky,ncaa,Robert Deon Potasi Dillingham,"January 4, 2005","Hickory, North Carolina, U.S.",6 ft 3 in,160 lb,Kentucky (2023–2024),Point guard / shooting guard,American,"Second-team All-SEC (2024), SEC Sixth Man of the Year (2024), SEC All-Freshman Team (2024), FIBA Americas Under-16 Championship MVP (2021)"
Dexter Pittman,Texas,ncaa,Dexter Jerome Pittman,"March 2, 1988","Houston, Texas, U.S.",6 ft 11 in,285 lb,Texas (2006–2010),Center,American,"NBA champion (2012), NBA D-League All-Star (2011)"
Dillon Jones,Weber State,ncaa,Dillon Keshaun Jones,"October 29, 2001","Columbia, South Carolina, U.S.",6 ft 5 in,235 lb,Weber State (2020–2024),Small forward,American,"Big Sky Player of the Year (2024), 3× First-team All-Big Sky (2022–2024), Big Sky Freshman of the Year (2021)"
Taj Gibson,USC,ncaa,Taj Jami Gibson,"June 24, 1985","New York City, New York, U.S.",6 ft 9 in,232 lb,USC (2006–2009),Center / power forward,American,"NBA All-Rookie First Team (2010), Second-team All-Pac-10 (2009), Third-team All-Pac-10 (2008), Pac-10 Defensive Player of the Year (2009)"
D.J. Hogg,Texas A&M,ncaa,"Dennis Edward ""D. J."" Hogg Jr.","September 3, 1996","Columbus, Ohio, U.S.",6 ft 9 in,238 lb,Texas A&M (2015–2018),Small forward,American,"NBA G League champion (2021), All-NBL Second Team (2023)"
Malaki Branham,Ohio State,ncaa,Malaki Lamar Branham,"May 12, 2003","Columbus, Ohio, U.S.",6 ft 4 in,180 lb,Ohio State (2021–2022),Shooting guard,American,"Big Ten Freshman of the Year (2022), Big Ten All-Freshman Team (2022), Third-team All-Big Ten (2022), Jordan Brand Classic (2021), Ohio Mr. Basketball (2021)"
Jawun Evans,Oklahoma St.,ncaa,Jawun B. Evans,"July 26, 1996","Greenville, South Carolina, U.S.",6 ft 0 in,190 lb,Oklahoma State (2015–2017),Point guard,American,"Third-team All-American – SN (2017), First-team All-Big 12 (2017), Big 12 Freshman of the Year (2016), McDonald's All-American (2015), First-team Parade All-American (2015)"
Chris Livingston,Kentucky,ncaa,Christopher Livingston,"October 15, 2003","Akron, Ohio, U.S.",6 ft 6 in,220 lb,Kentucky (2022–2023),Power forward / small forward,American,"NBA Cup champion (2024), SEC All-Freshman Team (2023), McDonald's All-American (2022), Jordan Brand Classic (2022), FIBA Americas Under-16 Championship MVP (2019)"
Jared Sullinger,Ohio St.,ncaa,Jared Malcolm Xavier Sullinger,"March 4, 1992","Columbus, Ohio, U.S.",6 ft 9 in,260 lb,Ohio State (2010–2012),Power forward / center,American,"CBA International MVP (2024), CBA rebounding leader (2018, 2023), KBL Playoffs MVP (2021), Consensus first-team All-American (2011, 2012), USBWA National Freshman of the Year (2011), Big Ten Freshman of the Year (2011), First-team All-Big Ten (2011, 2012), Big Ten tournament MOP (2011), Big Ten All-Freshman Team (2011), Naismith Prep Player of the Year (2010), McDonald's All-American Game Co-MVP (2010), First-team Parade All-American (2010), Second-team Parade All-American (2009), Ohio Mr. Basketball (2009, 2010)"
Bronny James,USC,ncaa,"LeBron Raymone ""Bronny"" James Jr. ","October 6, 2004","Akron, Ohio, U.S.",6 ft 3 in,210 lb,USC (2023–2024),Shooting guard / point guard,American,McDonald's All-American (2023)
Stanley Robinson,UConn,ncaa,Stanley Earl Robinson,"July 14, 1988","Birmingham, Alabama",6 ft 9 in,220 lb,UConn (2006–2010),Forward,American,"NBA D-League champion (2011), Second-team Parade All-American (2006), Alabama Mr. Basketball (2006)"
Jaylen Barford,Arkansas,ncaa,Jaylen Maurice Barford,"January 23, 1996",,6 ft 3 in,203 lb,Arkansas (2016–2018),Shooting guard,American,"All-VTB United League First Team (2023), First-team All-SEC (2018)"
Josh Green,Arizona,ncaa,Joshua Benjamin Green,16 November 2000,"Sydney, New South Wales, Australia",6 ft 5 in,200 lb,Arizona (2019–2020),Shooting guard / small forward,Australian,McDonald's All-American (2019)
Kyle Fogg,Arizona,ncaa,Kyle Edward Fogg,"January 27, 1990","Brea, California",6 ft 3 in,188 lb,Arizona (2008–2012),Point guard,American,"3× CBA champion (2022–2024), CBA Finals MVP (2024), EuroCup champion (2017), All-EuroCup Second Team (2017), Bundesliga scoring champion (2016), Korisliiga MVP (2014), Korisliiga scoring champion (2014), NBA D-League champion (2013), First-team All-Pac-12 (2012)"
Tiny Gallon,Oklahoma,ncaa,"Keith Lee ""Tiny"" Gallon","January 18, 1991","Vallejo, California",6 ft 9 in,275 lb,Oklahoma (2009–2010),Power forward / center,American,"2× NBL China scoring champion (2014, 2015), Third-team Parade All-American (2009), McDonald's All-American (2009)"
Duane Washington Jr.,Ohio State,ncaa,Duane Eddy Washington Jr.,"March 24, 2000","Frankfurt, Germany",6 ft 3 in,197 lb,Ohio State (2018–2021),Shooting guard / point guard,American / German,Third-team All-Big Ten (2021)
Tristan Thompson,Texas,ncaa,Tristan Trevor James Thompson,"March 13, 1991","Brampton, Ontario, Canada",6 ft 9 in,254 lb,Texas (2010–2011),Centre,Canadian / American,"NBA champion (2016), NBA All-Rookie Second Team (2012), Second-team All-Big 12 (2011), Big 12 Freshman of the Year (2011), Second-team Parade All-American (2010), McDonald's All-American (2010)"
Cameron Payne,Murray State,ncaa,Cameron Payne,"August 8, 1994","Memphis, Tennessee, U.S.",6 ft 3 in,183 lb,Murray State (2013–2015),Point guard / shooting guard,American,"OVC Player of the Year (2015), Lute Olson Award (2015), First-team All-OVC (2014, 2015), OVC Freshman of the Year (2014), No. 1 retired by Murray State Racers"
Daniel Orton,Kentucky,ncaa,Daniel Joseph Orton,"August 6, 1990","Oklahoma City, Oklahoma, U.S.",6 ft 10 in,265 lb,Kentucky (2009–2010),Power forward / center,American,
Julius Randle,Kentucky,ncaa,Julius Deion Randle,"November 29, 1994","Dallas, Texas, U.S.",6 ft 9 in,250 lb,Kentucky (2013–2014),Power forward / center,American,"NBA All-Star (2021, 2023, 2024), All-NBA Second Team (2021), All-NBA Third Team (2023), NBA Most Improved Player (2021), Third-team All-American – AP, NABC (2014), SEC Rookie of the Year (2014), First-team All-SEC (2014), McDonald's All-American (2013)"
Damion James,Texas,ncaa,Damion Marquez Williams James,"October 7, 1987","Hobbs, New Mexico, U.S.",6 ft 7 in,225 lb,Texas (2006–2010),Small forward,American,"NBA champion (2014), BSN champion (2018), BSN Foreign MVP (2016), BSN All-Star (2016), BSN All-Defensive Team (2016), FIBA Intercontinental Cup champion (2016), BSN scoring champion (2016), NBA D-League All-Star (2013), All-NBA D-League Second Team (2013), NBA D-League All-Defensive First Team (2013), Second-team All-American – TSN (2010), Third-team All-American – AP (2010), Second-team All-Big 12 (2009), Second-team Parade All-American (2006)"
Klay Thompson,Washington State,ncaa,Klay Alexander Thompson,"February 8, 1990","Los Angeles, California, U.S.",6 ft 5 in,220 lb,Washington State (2008–2011),Shooting guard / small forward,American,"4× NBA champion (2015, 2017, 2018, 2022), 5× NBA All-Star (2015–2019), 2× All-NBA Third Team (2015, 2016), NBA All-Defensive Second Team (2019), NBA Three-Point Contest champion (2016), NBA All-Rookie First Team (2012), 2× First-team All-Pac-10 (2010, 2011), No. 1 retired by Washington State Cougars"
Jonathan Isaac,Florida State,ncaa,Jonathan Judah Isaac,"October 3, 1997","The Bronx, New York, U.S.",6 ft 10 in,230 lb,Florida State (2016–2017),Power forward / small forward,American,ACC All-Freshman team (2017)
Marcus Bagley,Arizona State,ncaa,Marcus Bagley,"October 23, 2001","Tempe, Arizona, U.S.",6 ft 6 in,217 lb,Arizona State (2020–2023),Small forward,American,
Landry Shamet,Wichita State,ncaa,Landry Michael Shamet ,"March 13, 1997","Kansas City, Missouri, U.S.",6 ft 4 in,190 lb,Wichita State (2015–2018),Shooting guard,American,"NBA All-Rookie Second Team (2019), NBA G League Winter Showcase champion (2024), First-team All-AAC (2018), First-team All-MVC (2017), MVC Freshman of the Year (2017)"
Robert Williams,Texas A&M,ncaa,Robert Lee Williams III,"October 17, 1997","Shreveport, Louisiana, U.S.",6 ft 9 in,249 lb,Texas A&M (2016–2018),Center / power forward,American,"NBA All-Defensive Second Team (2022), SEC Defensive Player of the Year (2017, 2018), Second-team All-SEC (2017), SEC All-Freshman Team (2017), SEC All-Defensive Team (2017, 2018)"
Eric Bledsoe,Kentucky,ncaa,Eric Bledsoe,"December 9, 1989","Birmingham, Alabama, U.S.",6 ft 1 in,214 lb,Kentucky (2009–2010),Point guard / shooting guard,American,"CBA Club Cup champion (2025), CBA Club Cup Final MVP (2025), NBA All-Defensive First Team (2019), NBA All-Defensive Second Team (2020), NBA All-Rookie Second Team (2011), SEC All-Rookie Team (2010)"
TJ Leaf,UCLA,ncaa,Ty Jacob Leaf ,"April 30, 1997","Tel Aviv, Israel",6 ft 10 in,222 lb,UCLA (2016–2017),Power forward,Israeli / American,"First-team All-Pac-12 (2017), Pac-12 All-Freshman team (2017), McDonald's All-American (2016)"
Patrick Williams,Florida State,ncaa,Patrick Lee Williams ,"August 26, 2001","Charlotte, North Carolina, U.S.",6 ft 7 in,215 lb,Florida State (2019–2020),Power forward,American,"NBA All-Rookie Second Team (2021), ACC Sixth Man of The Year (2020), ACC All-Freshman Team (2020)"
Tyson Etienne,Wichita State,ncaa,Tyson Etienne,"September 17, 1999","Englewood, New Jersey, U.S.",6 ft 2 in,200 lb,Wichita State (2019–2022),Point guard / shooting guard,American,"AAC co-Player of the Year (2021), First-team All-AAC (2021), Third-team All-AAC (2022)"
Drew Peterson,USC,ncaa,Drew B. Peterson ,"November 9, 1999","Libertyville, Illinois, U.S.",6 ft 9 in,205 lb,"Rice (2018–2020), USC (2020–2023)",Small forward / power forward,American,"NBA champion (2024), 2× First-team All-Pac-12 (2022, 2023)"
Jrue Holiday,UCLA,ncaa,Jrue Randall Holiday,"June 12, 1990","Los Angeles, California, U.S.",6 ft 4 in,205 lb,UCLA (2008–2009),Point guard / shooting guard,American,"2× NBA champion (2021, 2024), 2× NBA All-Star (2013, 2023), 3× NBA All-Defensive First Team (2018, 2021, 2023), 3× NBA All-Defensive Second Team (2019, 2022, 2024), 3× Twyman-Stokes Teammate of the Year Award (2020, 2022, 2023), NBA Sportsmanship Award (2021), Pac-10 All-Freshman Team (2009), Gatorade National Player of the Year (2008), First-team Parade All-American (2008), Third-team Parade All-American (2007), McDonald's All-American (2008), California Mr. Basketball (2008)"
Tevin Brown,Murray State,ncaa,Tevin Brown,"September 23, 1998","Fairhope, Alabama, U.S.",6 ft 5 in,175 lb,Murray State (2018–2022),Shooting guard,American,"NZNBL champion (2023), NZNBL Grand Final MVP (2023), NZNBL All-Star Five (2023), CEBL Clutch Player of the Year (2024), 3× First-team All-OVC (2020–2022)"
Zeke Nnaji,Arizona,ncaa,"Ezekiel Tobechukwu ""Zeke"" Nnaji","January 9, 200","Minneapolis, Minnesota, U.S.",6 ft 9 in,240 lb,Arizona (2019–2020),Power forward / center,American,"NBA champion (2023), First-team All-Pac-12 (2020), Pac-12 Freshman of the Year (2020), Pac-12 All-Freshman team (2020)"
Jaylen Wells,Washington State,ncaa,Jaylen Wells,"August 26, 2003","Sacramento, California, U.S.",6 ft 8 in,205 lb,"Sonoma State (2021–2023), Washington State (2023–2024)",Small forward/shooting guard,American,"CCAA Player of the Year (2023), First-team All-CCAA (2023)"
Onyeka Okongwu,USC,ncaa,Onyeka Okongwu,"December 11, 2000","Los Angeles, California, U.S",6 ft 10 in,240 lb,USC (2019–2020),Center / power forward,American,"First-team All-Pac-12 (2020), 2× California Mr. Basketball (2018, 2019)"
Chet Holmgren,Gonzaga,ncaa,Chet Thomas Holmgren,"May 1, 2002","Minneapolis, Minnesota, U.S.",7 ft 1 in,208 lb,Gonzaga (2021–2022),Center / power forward,American,"NBA All-Rookie First Team (2024), Consensus second-team All-American (2022), WCC Defensive Player of the Year (2022), WCC Newcomer of the Year (2022), First-team All-WCC (2022), WCC All-Freshman Team (2022), National high school player of the year (2021), McDonald's All-American (2021), Jordan Brand Classic (2021), Nike Hoop Summit (2021), Minnesota Mr. Basketball (2021), FIBA Under-19 World Cup MVP (2021)"
Chinemelu Elonu,Texas A&M,ncaa,Chinemelu David Elonu Jr.,"March 11, 1987","Enugu, Nigeria",6 ft 10 in,235 lb,Texas A&M (2006–2009),Center,Nigerian,"BAL champion (2021), FIBA Champions League champion (2018), Greek Cup winner (2018), 2× BSN champion (2018, 2021), BSN rebounding leader (2022), 3× BSN blocks leader (2020–2022), LEB Oro champion (2010), First-team All-Big 12 (2009)"
Tyger Campbell,UCLA,ncaa,Tyger Campbell,"January 9, 2000","Cedar Rapids, Iowa, U.S",5 ft 11 in,180 lb,UCLA (2018–2023),Point guard,American,3× First-team All-Pac-12 (2021–2023)
Grayson Allen,Duke,ncaa,Grayson James Allen,"October 8, 1995","Jacksonville, Florida, U.S.",6 ft 4 in,198 lb,Duke (2014–2018),Shooting guard,American,"NCAA champion (2015), Second-team All-American – SN (2016), Third-team All-American – AP, NABC (2016), First-team All-ACC (2016), Third-team All-ACC (2018), McDonald's All-American (2014)"
Terrel Harris,Oklahoma State,ncaa,Terrel Andre Harris,"August 10, 1987","Dallas, Texas, U.S.",6 ft 4 in,190 lb,Oklahoma State (2005–2009),Shooting guard,American,"NBA champion (2012), Big 12 All-Defensive team (2009)"
Michael Qualls,Arkansas,ncaa,Michael Rashad Qualls,"January 20, 1994","Shreveport, Louisiana, U.S.",6 ft 4 in,202 lb,Arkansas (2012–2015),Shooting guard,American,"All-IBL Indonesia First Team (2024), IBL scoring champion (2024), Second-team All-SEC (2015)"
Christian Koloko,Arizona,ncaa,Christian Junior Koloko,"June 20, 2000","Douala, Cameroon",7 ft 0 in,220 lb,Arizona (2019–2022),Center,Cameroonian,"First-team All-Pac-12 (2022), Pac-12 Defensive Player of the Year (2022), Pac-12 Most Improved Player (2022), Pac-12 All-Defensive Team (2022)"
Rawle Alkins,Arizona,ncaa,Rawle Prince Alkins,"October 29, 1997","Brooklyn, New York",6 ft 5 in,225 lb,Arizona (2016–2018),Small forward / Guard,American,Pac-12 All-Freshman Team (2017)
Deyonta Davis,Michigan State,ncaa,Deyonta Davis,"December 2, 1996","Muskegon, Michigan, U.S.",6 ft 11 in,237 lb,Michigan State (2015–2016),Power forward / center,American,"2× T1 League All-Defensive First Team (2022, 2023), 2× T1 League blocks leader (2022, 2023), McDonald's All-American (2015), First-team Parade All-American (2015), Mr. Basketball of Michigan (2015)"
Art Parakhouski,Radford,international,Artsiom Parakhouski,"October 6, 1987","Minsk, Byelorussian SSR, Soviet Union",6 ft 11 in,281 lb,"College of Southern Idaho (2006–2008), Radford (2008–2010)",Center,Belarusian,"ABA League Supercup (2019), King Mindaugas Cup winner (2019), King Mindaugas Cup MVP (2019), Israeli League champion (2018), Israeli League Cup winner (2017), Latvian Basketball League champion (2011), Baltic League Regular Season MVP (2011), EuroLeague Block Leader (2015), All-VTB United League Second Team (2017), Turkish League Blocks Leader (2013), NCAA rebounding leader (2010), 2× Big South Player of the Year (2009, 2010), 2× First-team All-Big South (2009, 2010)"
Paul Reed,DePaul,international,Paul Reed,"June 14, 1999","Orlando, Florida, U.S.",6 ft 9 in,210 lb,DePaul (2017–2020),Center / power forward,American,"NBA G League MVP (2021), NBA G League Rookie of the Year (2021), All-NBA G League First Team (2021), NBA G League All-Defensive Team (2021), NBA G League All-Rookie Team (2021), Second-team All-Big East (2020), Big East Most Improved Player (2019)"
Marius Grigonis,Lithuania,international,Marius Grigonis,26 April 1994,"Kaunas, Lithuania",6 ft 6 in,205 lb,Manresa (2014-2016),Small forward / shooting guard,Lithuanian,"EuroLeague champion (2024), EuroLeague 50–40–90 club (2021), Greek League champion (2024), Greek Cup winner (2025), VTB United League Supercup winner (2021), 2x King Mindaugas Cup winner (2020, 2021), 3× Lithuanian League champion (2019–2021), All-Lithuanian League Team (2019), Champions League champion (2017), Champions League Final Four MVP (2017), All-LEB Oro team (2014)"
Malcolm Cazalon,Mega,international,Malcolm Jean Ahmed Cazalon,27 August 2001,"Roanne, France",6 ft 6 in,185 lb,Mega Basket (2020-2023),Shooting guard,French,
Michael Frazier II,Florida,international,Michael Frazier II,"March 8, 1994","Tampa, Florida, U.S.",6 ft 3 in,200 lb,Florida (2012–2015),Shooting guard,American,"NBA G League champion (2019), NBA G League Most Improved Player (2019), SEC All-Freshman Team (2013)"
Baylor Scheierman,Creighton,international,Baylor Arthur Scheierman,"September 26, 2000","Hastings, Nebraska, U.S.",6 ft 6 in,205 lb,"South Dakota State (2019–2022), Creighton (2022–2024)",Shooting guard / small forward,American,"Third-team All-American – AP, USBWA, NABC, SN (2024), Summit League Player of the Year (2022), 2× First-team All-Summit League (2021, 2022), First-team All-Big East (2024)"
Cedric Jackson,Cleveland St.,international,Cedric Lamar Jackson,"March 5, 1986","Alamogordo, New Mexico, U.S.",6 ft 3 in,209 lb,"St. John's (2004–2006), Cleveland State (2007–2009)",Point guard,American,"NAPB champion (2018), 3× NBL champion (2012, 2013, 2015), 2× NBL Grand Final MVP (2013, 2015), NBL Most Valuable Player (2013), 3× All-NBL First Team (2012, 2013, 2015), 5× NBL assists leader (2012, 2013, 2015–2017), NBA D-League All-Star (2011), NBA D-League All-Defensive Second Team (2011), 2× Second-team All-Horizon League (2008, 2009), Horizon League Defensive Player of the Year (2009), 2× Horizon League All-Defensive Team (2008, 2009), Horizon League All-Newcomer Team (2008)"
Chris Singleton,Florida St.,international,Christopher Carl Singleton Jr.,"November 21, 1989","Canton, Georgia, U.S.",6 ft 9 in,239 lb,Florida State (2008–2011),Power forward / center,American,"2× EuroLeague champion (2021, 2022), 2× TBSL champion (2021, 2023), Chinese NBL champion (2016), 2× Greek League champion (2017, 2018), Greek Cup winner (2017), Spanish King's Cup winner (2019), Turkish Cup winner (2022), Chinese NBL Finals MVP (2016), Chinese NBL All-Imports Team (2016), Chinese NBL All-Star (2016), Greek League PIR Leader (2017), 2× All-Greek League First Team (2017, 2018), All-Greek League All-Imports Team (2018), Third-team Parade All-American (2008), McDonald's All-American (2008), 2× Third-team All-ACC (2010, 2011), 2× ACC All-Defensive Team (2010, 2011), ACC Defensive Player of the Year (2011)"
Jacob Evans,Cincinnati,international,Jacob Evans III,"June 18, 1997","Jacksonville, North Carolina, U.S",6 ft 4 in,210 lb,Cincinnati (2015–2018),Shooting guard,American,First-team All-AAC (2018)
Jimmer Fredette,BYU,international,"James Taft ""Jimmer"" Fredette","February 25, 1989","Glens Falls, New York, U.S.",6 ft 2 in,195 lb,BYU (2007–2011),Point guard / shooting guard,American,"Greek League champion (2020), EuroLeague 50–40–90 club (2020), CBA International MVP (2017), 3× CBA All-Star (2017–2019), All-NBA D-League Second Team (2016), NBA D-League All-Star (2016), NBA D-League All-Star Game MVP (2016), National college player of the year (2011), Consensus first-team All-American (2011), Third-team All-American – NABC, TSN (2010), NCAA scoring champion (2011), MWC Player of the Year (2011), 3× First-team All-MWC (2009–2011), Senior CLASS Award (2011), USA Basketball 3x3 Male Athlete of the Year (2023)"
Joel Berry,North Carolina,international,Joel DeWayne Berry II,"April 1, 1995","Orlando, Florida, U.S.",6 ft 0 in,195 lb,North Carolina (2014–2018),Point guard,American,"NCAA champion (2017), NCAA Final Four Most Outstanding Player (2017), Third-team All-American – NABC (2018), First-team All-ACC (2018), Second-team All-ACC (2017), ACC tournament MVP (2016), No. 2 honored by North Carolina Tar Heels, McDonald's All-American (2014), First-team Parade All-American (2014), 3× Florida Mr. Basketball (2012–2014)"
DaRon Holmes,Dayton,international,DaRon Rodrick Holmes II ,"August 15, 2002","Overland Park, Kansas, U.S.",6 ft 10 in,225 lb,Dayton (2021–2024),Power forward,American,"Consensus second-team All-American (2024), Atlantic 10 co-Player of the Year (2024), 2× First-team All-Atlantic 10 (2023, 2024), Second-team All-Atlantic 10 (2022), Atlantic 10 Defensive Player of the Year (2024), Atlantic 10 Rookie of the Year (2022)"
Satnam Singh Bhamara,India,international,Satnam Singh Bhamara,"December 10, 1995","Baloke, Punjab, India",7 ft 2 in,400 lb,"Antariksha Academy (Bradenton, Florida)",Center,Indian,
Ulrich Chomche,NBA Academy Africa,international,Ulrich Kamka Chomche,"December 30, 2005","Bafang, Cameroon",6 ft 11 in,210 lb,"NBA Academy Africa (Saly, Senegal)",Center,Cameroonian,Nike Hoop Summit (2024)
Patrick Mills,St. Mary's,international,Patrick Mills,"August 11, 1988","Canberra, ACT, Australia",6 ft 2 in,180 lb,Saint Mary's (2007–2009),Point guard,Australian,"NBA champion (2014), NBA Sportsmanship Award (2022), The Don Award Winner (2021), 3× Gaze Medalist (2008, 2010, 2021), 2× First-team All-WCC (2008, 2009), WCC Newcomer of the Year (2008), WCC All-Freshman Team (2008), No. 13 retired by Saint Mary's Gaels"
Geron Johnson,Memphis,international,Geron Marquis Johnson,"August 9, 1992","Dayton, Ohio, U.S.",6 ft 4 in,202 lb,"Chipola (2010–2011), Garden City CC (2011–2012), Memphis (2012–2014)",Shooting guard,American,Third-team All-Conference USA (2013)
Boban Marjanovic,Hemofarm,international,Boban Marjanović,"August 15, 1988","Boljevac, SR Serbia, Yugoslavia",7 ft 4 in,290 lb,Hemofarm (2006-2010),Center,Serbian,"All-EuroLeague First Team (2015), EuroLeague rebounding leader (2015), Serbian League champion (2015), 3× Serbian League MVP (2013–2015), Serbian League Domestic Player of the Year (2015), 3× All-Serbian League First Team (2013–2015), Serbian League rebounding leader (2013), ABA League champion (2015), ABA League playoffs MVP (2015), 3× All-ABA League Team (2014, 2015), 2× Serbian Cup winner (2014, 2015), LKL All-Star (2011), LKL champion (2011), Baltic League champion (2011), Lithuanian Cup winner (2011)"
Robert Upshaw,Washington,international,Robert Ridjell Upshaw,"January 5, 1994","Fresno, California, U.S.",7 ft 0 in,250 lb,"Fresno State (2012–2013), Washington (2014–2015)",Center,American,"T1 League All-Star (2023), NAPB champion (2018)"
Tomas Satoransky,Cajasol Sevilla,international,Tomáš Satoranský ,"October 30, 1991","Prague, Czechoslovakia",6 ft 7 in,210 lb,USK Praha (2007-2009),Guard / small forward,Czech,"Spanish Supercup winner (2015), ACB Most Spectacular Player (2016), All-Liga ACB Second Team (2016), 5× Czech Player of the Year (2013–2015, 2018, 2019)"
Damien Inglis,Roanne,international,Damien Roberto Inglis,"May 20, 1995","Cayenne, French Guiana",6 ft 8 in,240 lb,Chorale Roanne (2013-2014),Power forward,French,"EuroCup champion (2021, 2023), French Cup winner (2018)"
Scoot Henderson,G League Ignite,gleague,"Sterling ""Scoot"" Henderson","February 3, 2004","Marietta, Georgia, U.S.",6 ft 3 in,206 lb,NBA G League Ignite (2021-2023),Point guard,American,NBA G League Next Up Game (2023)
Sidy Cissoko,G League Ignite,gleague,Sidy Cissoko,"April 2, 2004","Saint-Maurice, France",6 ft 6 in,200 lb,NBA G League Ignite (2022-2023),Small forward / shooting guard,American,"NBA G League Next Up Game (2023), Nike Hoop Summit (2022)"
Mojave King,G League Ignite,gleague,Mojave King,"June 11, 2002","Dunedin, New Zealand",6 ft 5 in,195 lb,NBA G League Ignite (2022-2023),Shooting guard,New Zealand / American,NBA G League Next Up Game (2023)
Matas Buzelis,G League Ignite,gleague,Matas Arvidas Buzelis,"October 13, 2004","Chicago, Illinois, U.S.",6 ft 10 in,209 lb,NBA G League Ignite (2023-2024),Small forward / power forward,Lithuanian / American,"NBA G League Next Up Game (2024), McDonald's All-American (2023), Jordan Brand Classic (2023), Nike Hoop Summit (2022)"
Dyson Daniels,G League Ignite,gleague,Dyson James Daniels,"March 17, 2003","Bendigo, Victoria, Australia",6 ft 7 in,199 lb,NBA G League Ignite (2021-2022),Shooting guard,Australian,
Michael Foster Jr.,G League Ignite,gleague,Michael Foster Jr.,"January 16, 2003","Milwaukee, Wisconsin, U.S.",6 ft 8 in,250 lb,NBA G League Ignite (2021-2022),Power forward,American,"NBA G League champion (2023), McDonald's All-American (2021), Jordan Brand Classic (2021)"
Jonathan Kuminga,G League Ignite,gleague,Jonathan Malangu Kuminga,"October 6, 2002","Goma, DR Congo",6 ft 7 in,225 lb,NBA G League Ignite (2020-2021),Power forward / small forward,Congolese,NBA champion (2022)
Jalen Green,G League Ignite,gleague,Jalen Romande Green,"February 9, 2002","Merced, California, U.S.",6 ft 4 in,186 lb,NBA G League Ignite (2020-2021),Shooting guard,American,"NBA All-Rookie First Team (2022), McDonald's All-American (2020), FIBA Under-17 World Cup MVP (2018)"
Tyler Smith,G League Ignite,gleague,Tyler Smith,"November 2, 2004","New Orleans, Louisiana, U.S.",6 ft 9 in,224 lb,NBA G League Ignite (2023-2024),Power forward,American,"NBA Cup champion (2024), NBA G League Next Up Game (2024), All-OTE Second Team (2023)"
Daishen Nix,G League Ignite,gleague,Daishen Nix,"February 13, 2002","Fairbanks, Alaska, U.S.",6 ft 4 in,238 lb,NBA G League Ignite (2020-2021),Point guard,American,"NBA G League champion (2022), McDonald's All-American (2020)"